source,target
Health_economics,Main_Page
Health_economics,Portal:Current_events
Health_economics,Health_economics
Health_insurance_in_the_United_States,Main_Page
Health_insurance_in_the_United_States,Portal:Current_events
Health_insurance_in_the_United_States,Health_insurance_in_the_United_States
Healthcare_in_the_United_States,Main_Page
Healthcare_in_the_United_States,Portal:Current_events
Healthcare_in_the_United_States,Healthcare_in_the_United_States
Medicare_(United_States),Main_Page
Medicare_(United_States),Portal:Current_events
Medicare_(United_States),Medicare_(United_States)
Medicaid,Main_Page
Medicaid,Portal:Current_events
Medicaid,Medicaid
Medical_debt,Main_Page
Medical_debt,Portal:Current_events
Medical_debt,Medical_debt
Prescription_drug_prices_in_the_United_States,Main_Page
Prescription_drug_prices_in_the_United_States,Portal:Current_events
Prescription_drug_prices_in_the_United_States,Prescription_drug_prices_in_the_United_States
Affordable_Care_Act,Main_Page
Affordable_Care_Act,Portal:Current_events
Affordable_Care_Act,Affordable_Care_Act
